{
  "trucks": [
    {
      "foodTruck" : {
        "name": "TRUCK 10",
        "x": 48.22380065917969,
        "y": -1.7908880710601807
      },

      "distance": 1000.0
      
    },
    {
      "foodTruck" : {
        "name": "TRUCK 11",
        "x": 45.22380065917969,
        "y": -1.7908880710601807
      },

      "distance": 1014.0
    },
    {
      "foodTruck" : {
        "name": "TRUCK 12",
        "x": 43.22380065917969,
        "y": -1.7908880710601807
      },

      "distance": 1020.0
    }

  ]
}